article,summary
"When 17-year-old track star Jamal Carter volunteered for a mentorship program at his high school in Detroit, he never expected to form a bond that would inspire his career path. The program, ""Champions for All,"" pairs student-athletes with children with intellectual disabilities to promote inclusion. Jamal was matched with 14-year-old Liam Porter, who has autism and struggled with social interactions. Over six months, the duo met weekly to play basketball, work on communication skills, and even collaborate on a science fair project.""At first, Liam wouldn't make eye contact,"" Jamal recalled. ""But by week three, he was high-fiving me after every drill. Now, he texts me memes every weekend."" Liam's mother, Clara Porter, tearfully shared, ""This program gave him confidence. He's started joining family dinners without hesitation—something we'd worked on for years.""The initiative, funded by a local nonprofit, has expanded to 15 schools since 2022. Principal Maria Gonzalez emphasized its impact: ""Students like Jamal learn empathy, while kids like Liam gain role models. It's transformative."" Jamal, now a senior, plans to study special education at Michigan State. ""Liam taught me patience,"" he said. ""I want to help more kids find their voice.""","Detroit track star Jamal Carter mentors Liam, a 14-year-old with autism, through the ""Champions for All"" school program, fostering Liam's social confidence and inspiring Jamal to pursue special education. The initiative, active in 15 schools, pairs athletes with children with disabilities to promote mutual growth."
"A startup named HearMeOut has developed an AI-powered app that converts sign language into real-time speech, aiming to bridge communication gaps for the deaf and hard-of-hearing community. Founded by siblings Anika and Rohan Patel, whose younger brother is nonverbal, the app uses smartphone cameras to interpret ASL gestures and vocalize them through a synthetic voice. After two years of beta testing with the National Association of the Deaf (NAD), HearMeOut launched publicly in March 2024. Beta user Emma Torres, a college student, shared, “Before this, group conversations felt isolating. Now, I can jump into chats at coffee shops or lectures without relying on an interpreter.” The app also includes a reverse feature, translating spoken words into text for users. “It’s about bidirectional communication,” Anika explained. The Patels partnered with linguists and ASL experts to ensure accuracy across regional dialects. NAD’s CEO, Dr. Helen Cho, praised the tool: “This isn’t just tech—it’s social change.” With 500,000 downloads in its first month, HearMeOut plans to add support for international sign languages by 2025.","HearMeOut’s AI app translates sign language into real-time speech, aiding deaf users in communication. Co-founded by siblings inspired by their nonverbal brother, the tool, praised by advocates, has gained rapid traction and aims to expand globally."
"In Costa Rica’s Osa Peninsula, a grassroots coalition of farmers, scientists, and teenagers has revived a near-extinct population of scarlet macaws. Once reduced to 30 birds due to deforestation and poaching, the species now numbers over 300, thanks to a decade-long effort called “Project Red Wings.”Local high school students led reforestation drives, planting 10,000 almond trees—the macaws’ primary food source—while farmers adopted wildlife-friendly practices. “We stopped clearing land during nesting season,” said farmer Luis Mendoza. “The macaws eat our crops sometimes, but they’re worth it.” Biologist Dr. Sofia Ramirez, who spearheaded the project, emphasized community involvement: “Without these kids and families, we’d have failed.”The project also uses AI-powered drones to monitor nests and deter poachers. In 2023, Costa Rica’s government declared the Osa Peninsula a “Wildlife Sanctuary,” banning logging and offering ecotourism grants. Seventeen-year-old volunteer Valeria Cruz, who joined the reforestation team at 12, reflected, “We didn’t just save birds—we showed our generation can fix past mistakes.”","Costa Rica’s “Project Red Wings” reversed scarlet macaw extinction through community-led reforestation and AI monitoring. Farmers, teens, and scientists collaborated to grow the population from 30 to 300, earning the region protected status."
"In a heartwarming display of inclusivity, 17-year-old track athlete Maria Gonzalez made headlines last week when she invited her 15-year-old neighbor, Jake Thompson, who has cerebral palsy, to be her date for the prestigious Spring Valley High School homecoming dance. The event, typically dominated by discussions of designer dresses and limousine arrivals, took on new meaning as Maria wheeled Jake into the gymnasium to thunderous applause from 500 students. 'I wanted everyone to see Jake as the funny, amazing person he is—not just the kid in the wheelchair,' Maria told reporters. The pair’s friendship began three years ago when Maria started volunteering with Jake through Best Buddies International, a nonprofit connecting people with intellectual disabilities to peer mentors. Jake’s mother, Linda Thompson, fought back tears while describing the impact: 'For years, Jake felt invisible at school events. Maria gave him a night he’ll never forget.' The story gained traction after Spring Valley’s principal, Dr. Amanda Carter, shared photos of the duo dancing to Ed Sheeran’s 'Perfect' on the school’s social media. 'This is what true leadership looks like,' Carter wrote, noting that Maria had postponed her own college campus tour to organize accessibility upgrades for the event. Local businesses donated a wheelchair-accessible limo and a tailored suit for Jake, while the student council replaced traditional strobe lights with sensory-friendly lighting. Maria, now being recruited by Ivy League universities for both her athletic and community service records, remains humble: 'Jake taught me that courage isn’t about running fast—it’s about showing up for others.'","High school athlete Maria Gonzalez brought neighbor Jake Thompson, who has cerebral palsy, as her homecoming date through their Best Buddies mentorship. The inclusive gesture, supported by school upgrades and local businesses, went viral, highlighting Jake’s personality and Maria’s leadership."
"A groundbreaking partnership between tech giant NeuroLink and the University of California San Francisco (UCSF) has yielded an AI-powered exoskeleton that enabled 24-year-old paralysis survivor Emma Chen to walk across the Golden Gate Bridge’s 1.7-mile span. Chen, who lost mobility in her legs after a 2021 car accident, became the first patient to test the 'NeuroStride' system, which uses neural implants to interpret brain signals and activate robotic leg braces. The six-hour walk—livestreamed to 2.3 million viewers—marked the culmination of a three-year clinical trial involving 45 participants. 'When I felt the wind on my face without a wheelchair between me and the world, I cried,' Chen said at a press conference, her voice breaking. NeuroLink’s CEO, Dr. Raj Patel, explained the technology’s significance: 'This isn’t just mobility restoration—it’s about rebuilding identity.' However, the $400,000 price tag has sparked debates about healthcare inequality. Advocacy group AccessForAll staged protests outside NeuroLink’s headquarters, demanding Medicaid coverage. 'My son has the same injury as Emma, but we’ll never afford this,' said protester Marisol Gomez. UCSF bioethicist Dr. Karen Lee warns of ethical dilemmas: 'We can’t let this become a luxury for the wealthy.' Meanwhile, Chen continues advocacy work, testifying before Congress to push for the proposed Neural Accessibility Act. The bill, if passed, would subsidize neuroprosthetics for low-income patients by 2026. For now, Chen focuses on small victories: 'Yesterday, I stood to hug my mom. That’s what real progress looks like.'","Paralysis survivor Emma Chen walked the Golden Gate Bridge using NeuroLink’s AI exoskeleton, a milestone in neural tech. While the $400K system sparks affordability debates, Chen advocates for subsidized access through proposed legislation, emphasizing emotional over physical milestones."
"In a small town in Ohio, 16-year-old Clara Martinez has become a local hero after organizing a community garden that now feeds over 200 families. The project began as a school assignment but quickly grew into a lifeline for the town’s low-income residents. Clara partnered with local farmers, who donated seeds and equipment, and recruited volunteers from her high school to help plant and harvest crops. 'I never thought a simple idea could make such a big difference,' Clara said. The garden, named 'Harvest of Hope,' produces vegetables like tomatoes, cucumbers, and zucchini, which are distributed free of charge at a weekly farmers' market. Clara’s efforts have earned her national recognition, including an invitation to the White House to discuss food insecurity. 'Clara’s work is a reminder that young people can drive real change,' said Mayor Linda Carter. Despite the accolades, Clara remains focused on expanding the garden. 'There’s still so much to do,' she said. 'Hunger doesn’t take a break, and neither will we.'","16-year-old Clara Martinez created a community garden in Ohio that feeds 200 families, earning national recognition and inspiring her town to address food insecurity."
"A team of scientists in Iceland has successfully harnessed geothermal energy to power an entire village, marking a significant step toward sustainable energy solutions. The project, led by Dr. Erik Johansson, uses underground heat from volcanic activity to generate electricity and heat homes. 'This is a game-changer for remote communities,' Dr. Johansson said. The village of Hverfjall, home to 1,200 residents, now runs entirely on renewable energy, reducing its carbon footprint by 90%. The initiative has attracted global attention, with representatives from over 20 countries visiting to study the technology. 'We’re proving that clean energy is not just a dream—it’s a reality,' said village mayor Sigridur Olafsdottir. The project’s success has spurred plans to expand the technology to other parts of Iceland and beyond. 'This is just the beginning,' Dr. Johansson added. 'Our goal is to make geothermal energy accessible to everyone.'","Scientists in Iceland powered a village using geothermal energy, cutting its carbon footprint by 90% and inspiring global interest in renewable energy solutions."
"In Kenya, a group of women has transformed their community by turning plastic waste into eco-friendly bricks. The initiative, called 'EcoBlocks,' was started by 35-year-old environmental activist Aisha Mwangi. 'We wanted to tackle two problems at once: waste and unemployment,' Aisha explained. The women collect plastic waste from streets and landfills, melt it down, and mold it into durable bricks used for construction. The project has created jobs for over 50 women and reduced plastic pollution in the area by 40%. 'This is more than a business—it’s a movement,' Aisha said. The bricks, which are cheaper and stronger than traditional materials, have been used to build schools and homes. The Kenyan government has praised the initiative, offering grants to expand the project. 'We’re showing that innovation can come from anywhere,' Aisha added. 'Even from the most marginalized communities.'","Kenyan women led by Aisha Mwangi created 'EcoBlocks,' turning plastic waste into construction bricks, reducing pollution, and creating jobs for 50 women."
"A high school robotics team in rural India has developed a low-cost prosthetic hand using 3D printing technology. The team, consisting of five students aged 15 to 17, was inspired by a classmate who lost his hand in an accident. 'We wanted to help him and others like him,' said team leader Ravi Patel. The prosthetic, which costs just $50 to produce, is fully functional and customizable. The students used open-source designs and locally sourced materials to keep costs low. Their invention has already helped over 20 people regain mobility, including farmers and factory workers. 'This is life-changing for us,' said one recipient, 45-year-old farmer Anil Kumar. The team has won multiple awards, including a national innovation prize, and is now working with NGOs to distribute the prosthetics across India. 'We’re just getting started,' Ravi said. 'Our dream is to make this accessible to everyone in need.'","Indian high school students created a $50 prosthetic hand using 3D printing, helping 20 people regain mobility and winning national recognition for their innovation."
"In Brazil, a nonprofit organization has reforested over 1,000 acres of land destroyed by illegal logging. The project, led by biologist Dr. Ana Silva, involves planting native tree species and working with local communities to protect the area. 'We’re not just planting trees—we’re rebuilding ecosystems,' Dr. Silva said. The reforested land has already seen the return of endangered species like the golden lion tamarin. The project also provides jobs for local residents, who are trained as forest rangers and guides. 'This is about giving people a stake in conservation,' Dr. Silva added. The initiative has received funding from international organizations and is being replicated in other parts of the Amazon. 'It’s proof that we can undo some of the damage we’ve done,' said environmentalist Carlos Mendez. 'But we need to act fast.'","A Brazilian nonprofit reforested 1,000 acres of land, bringing back endangered species and creating jobs while combating illegal logging in the Amazon."
"A 14-year-old coding prodigy from Nigeria has developed an app that helps farmers predict weather patterns and optimize crop yields. The app, called 'AgriPredict,' uses AI to analyze data from satellites and local weather stations. 'I wanted to help my community fight food insecurity,' said the creator, Tunde Okafor. The app has already been downloaded by over 10,000 farmers, who report a 30% increase in productivity. 'This app is a lifesaver,' said farmer Adebayo Oluwa. 'It tells me exactly when to plant and harvest.' Tunde’s work has earned him international acclaim, including an invitation to speak at the United Nations. 'I’m just a kid with a laptop,' Tunde said. 'But I believe technology can solve some of the world’s biggest problems.'","Nigerian teen Tunde Okafor created 'AgriPredict,' an AI app helping farmers boost crop yields by 30%, earning global recognition for his innovation."
"In Australia, a group of surfers has launched a campaign to clean up the country’s beaches, removing over 10 tons of plastic waste in just six months. The initiative, called 'Surfers for Change,' was started by professional surfer Jake Thompson. 'We’re seeing the impact of pollution firsthand,' Jake said. The group organizes weekly cleanups and partners with schools to educate kids about ocean conservation. 'It’s about changing mindsets,' Jake added. The campaign has gained support from celebrities and politicians, with the Australian government pledging $1 million to expand the effort. 'This is a wake-up call,' said marine biologist Dr. Emily Carter. 'We need to protect our oceans before it’s too late.'","Australian surfers removed 10 tons of plastic from beaches through 'Surfers for Change,' inspiring government funding and raising awareness about ocean conservation."
"A retired teacher in Canada has turned her backyard into a sanctuary for rescued animals, providing a home for over 100 creatures, including dogs, cats, and even a blind deer. 'I couldn’t stand seeing animals suffer,' said 68-year-old Margaret Wilson. Margaret funds the sanctuary through donations and her pension, relying on volunteers to help with daily care. 'It’s a lot of work, but it’s worth it,' she said. The sanctuary has become a local landmark, with schools organizing field trips to teach kids about animal welfare. 'Margaret is a true hero,' said volunteer Sarah Johnson. 'She’s showing us the power of compassion.'","Retired teacher Margaret Wilson runs a backyard sanctuary for over 100 rescued animals, inspiring her community with her dedication to animal welfare."
"In South Africa, a group of artists has transformed a crime-ridden neighborhood into a vibrant tourist destination through street art. The project, called 'Color the Cape,' was started by muralist Thabo Mbeki. 'We wanted to bring hope to this community,' Thabo said. The artists painted over 50 murals depicting local history and culture, attracting visitors and boosting the local economy. 'This place used to be dangerous,' said resident Naledi Dlamini. 'Now it’s full of life.' The project has received international recognition, with Thabo invited to speak at art conferences worldwide. 'Art has the power to change lives,' Thabo said. 'We’ve seen it happen here.'","South African artists revitalized a crime-ridden neighborhood with street art, boosting tourism and inspiring hope through the 'Color the Cape' project."
"A group of engineers in Japan has developed a robot that can assist elderly people with daily tasks, addressing the country’s aging population crisis. The robot, named 'CareBot,' can help with cooking, cleaning, and even companionship. 'We wanted to create something that feels like family,' said lead engineer Hiroshi Tanaka. CareBot has been tested in nursing homes, where residents report improved quality of life. 'It’s like having a friend who’s always there,' said 82-year-old Yuki Nakamura. The Japanese government has invested $10 million in the project, with plans to distribute CareBots nationwide. 'This is the future of elder care,' Hiroshi said. 'We’re just getting started.'","Japanese engineers created 'CareBot,' a robot assisting elderly people with daily tasks, improving quality of life and addressing the aging population crisis."
"In a groundbreaking medical trial, researchers at Stanford University have successfully used CRISPR gene-editing technology to treat a rare genetic disorder called sickle cell anemia. The trial involved 10 patients, all of whom showed significant improvement after receiving the treatment. 'This is a monumental step forward,' said Dr. Emily Carter, the lead researcher. The treatment works by editing the faulty gene responsible for the disorder, allowing patients to produce healthy red blood cells. One participant, 22-year-old Jamal Harris, described the treatment as life-changing: 'I used to be in constant pain, but now I can live a normal life.' The success of the trial has sparked hope for similar treatments for other genetic disorders, such as cystic fibrosis and muscular dystrophy. However, ethical concerns remain, with some experts warning about the potential for misuse of the technology. 'We need to proceed with caution,' said bioethicist Dr. Karen Lee. Despite these concerns, the medical community is optimistic about the future of gene-editing therapies.","Stanford researchers used CRISPR to successfully treat sickle cell anemia in a groundbreaking trial involving 10 patients. The treatment edits the faulty gene, enabling healthy red blood cell production and significantly improving patients' quality of life. While the results are promising, ethical concerns about gene-editing technology persist, highlighting the need for cautious advancement in this field."
"A team of archaeologists in Egypt has uncovered a previously unknown tomb in the Valley of the Kings, believed to belong to a high-ranking official from the 18th Dynasty. The tomb, filled with intricate hieroglyphics and artifacts, offers new insights into ancient Egyptian culture and burial practices. 'This discovery is a treasure trove of information,' said Dr. Ahmed Hassan, the lead archaeologist. Among the findings are well-preserved statues, jewelry, and scrolls detailing the official’s life and accomplishments. The tomb’s discovery has reignited interest in Egyptology, with experts predicting it could lead to further finds in the area. 'Every artifact tells a story,' Dr. Hassan added. The Egyptian government plans to open the tomb to the public as part of a new exhibition, hoping to boost tourism and cultural appreciation.","Archaeologists in Egypt discovered a tomb in the Valley of the Kings, likely belonging to an 18th Dynasty official. The tomb contains hieroglyphics, statues, and scrolls that provide valuable insights into ancient Egyptian culture. This find has sparked renewed interest in Egyptology and is expected to attract tourists, with plans to include the tomb in a public exhibition."
"In a historic move, the European Union has passed sweeping legislation to regulate artificial intelligence, aiming to balance innovation with ethical considerations. The AI Act, which took three years to draft, categorizes AI systems based on risk levels and imposes strict requirements on high-risk applications, such as facial recognition and autonomous vehicles. 'This is a landmark moment for AI governance,' said EU Commissioner Margrethe Vestager. The legislation also bans certain uses of AI, including social scoring and manipulative algorithms. Tech companies have expressed mixed reactions, with some praising the clarity it provides and others warning it could stifle innovation. 'We need rules, but they must be flexible,' said a spokesperson for a leading AI firm. The EU’s approach is being closely watched by other countries, with many considering similar frameworks.","The European Union passed the AI Act, a comprehensive law regulating artificial intelligence based on risk levels. The legislation bans harmful uses like social scoring and imposes strict rules on high-risk applications, such as facial recognition. While some tech companies welcome the clarity, others fear it may hinder innovation, making the EU’s approach a global benchmark for AI governance."
"A small town in Italy has become a model for sustainable living after transitioning to 100% renewable energy. The town, called Borgo Solare, uses solar panels, wind turbines, and geothermal energy to power homes, schools, and businesses. 'We wanted to show that sustainability is possible,' said Mayor Giuseppe Rossi. The project, which began five years ago, has reduced the town’s carbon emissions by 95% and lowered energy costs for residents. Borgo Solare has attracted attention from around the world, with delegations visiting to learn from its success. 'This is the future,' said environmental scientist Dr. Sofia Bianchi. The town’s next goal is to become zero-waste by 2030, with plans to expand recycling programs and promote composting.","The Italian town of Borgo Solare has achieved 100% renewable energy use through solar, wind, and geothermal power, cutting carbon emissions by 95% and reducing energy costs. This success has made the town a global model for sustainability, with plans to become zero-waste by 2030 through expanded recycling and composting initiatives."
"A group of high school students in South Korea has developed a low-cost water purification system that could provide clean drinking water to millions. The system, which uses a combination of sand, charcoal, and UV light, is designed to be affordable and easy to maintain. 'We wanted to create something that could help communities in need,' said team leader Min-ji Park. The students tested the system in rural areas, where access to clean water is limited, and found it removed 99% of contaminants. Their invention has won multiple awards, including a global innovation prize, and is being considered for use by NGOs in developing countries. 'This is a game-changer,' said water expert Dr. Lee Hyun-woo. 'It’s simple, effective, and scalable.'","South Korean high school students created a low-cost water purification system using sand, charcoal, and UV light, capable of removing 99% of contaminants. Their invention, tested in rural areas, has won international awards and is being evaluated for use in developing countries, offering a scalable solution to the global water crisis."
"In a major breakthrough, scientists at MIT have developed a new battery technology that could revolutionize energy storage. The battery, which uses sulfur and seawater, is cheaper and more environmentally friendly than traditional lithium-ion batteries. 'This could be a game-changer for renewable energy,' said Dr. Sarah Collins, the lead researcher. The new battery has a longer lifespan and can store more energy, making it ideal for use in solar and wind farms. Early tests have been promising, with the technology expected to hit the market within five years. 'We’re on the brink of a new era in energy storage,' Dr. Collins added. The development has attracted interest from major tech companies, with several already investing in the technology.","MIT scientists developed a sulfur-seawater battery that is cheaper, more eco-friendly, and longer-lasting than traditional lithium-ion batteries. This breakthrough could transform renewable energy storage, with potential applications in solar and wind farms. The technology is expected to be commercially available within five years, attracting significant investment from tech companies."
"A nonprofit organization in India has launched a campaign to combat air pollution by planting 1 million trees in urban areas. The initiative, called 'Green Cities,' focuses on cities with the worst air quality, such as Delhi and Mumbai. 'Trees are nature’s air filters,' said founder Anika Patel. The organization works with local communities to plant and maintain the trees, creating jobs and raising awareness about environmental issues. So far, the campaign has planted over 500,000 trees, with plans to reach the 1 million mark by next year. 'This is about more than just planting trees,' Anika added. 'It’s about creating a healthier future for our children.'","The 'Green Cities' initiative in India aims to plant 1 million trees in urban areas to combat air pollution, focusing on cities like Delhi and Mumbai. By involving local communities, the campaign not only improves air quality but also creates jobs and raises environmental awareness, with over 500,000 trees already planted."
"A team of engineers in Germany has developed a self-driving wheelchair that uses AI to navigate complex environments. The wheelchair, designed for people with severe mobility impairments, can avoid obstacles and follow voice commands. 'This gives users a new level of independence,' said lead engineer Markus Weber. The technology has been tested in hospitals and nursing homes, with users reporting improved mobility and confidence. 'It’s like having a personal assistant,' said 65-year-old user Helga Schmidt. The team is now working on making the wheelchair more affordable and plans to launch it commercially within two years. 'We want to make this technology accessible to everyone,' Markus added.","German engineers created a self-driving wheelchair powered by AI, enabling users with severe mobility impairments to navigate complex environments independently. Tested in hospitals and nursing homes, the wheelchair has received positive feedback for improving users’ confidence and mobility. The team aims to make it affordable and commercially available within two years."
"In a historic achievement, a team of climbers has successfully summited Mount Everest using only renewable energy sources. The expedition, led by environmental activist Tenzing Sherpa, used solar-powered gear and biodegradable equipment to minimize their environmental impact. 'We wanted to show that even the most challenging feats can be done sustainably,' Tenzing said. The team also collected over 100 pounds of trash left by previous climbers, highlighting the growing problem of waste on the mountain. 'Everest is a symbol of human ambition, but it’s also a reminder of our responsibility to protect the planet,' Tenzing added. The expedition has inspired similar initiatives, with other climbers pledging to adopt eco-friendly practices.","A team of climbers summited Mount Everest using only renewable energy sources, including solar-powered gear and biodegradable equipment. Led by Tenzing Sherpa, the expedition also collected 100 pounds of trash, drawing attention to the environmental impact of climbing. This achievement has inspired other climbers to adopt sustainable practices, setting a new standard for mountaineering."
"A startup in California has developed a wearable device that can detect early signs of Alzheimer’s disease by analyzing speech patterns. The device, called 'NeuroSense,' uses AI to identify subtle changes in language and memory that may indicate cognitive decline. 'Early detection is key to managing Alzheimer’s,' said co-founder Dr. Rachel Kim. The device has been tested on over 1,000 patients, with an accuracy rate of 90%. 'This could revolutionize how we diagnose and treat Alzheimer’s,' said neurologist Dr. James Lee. The startup plans to make the device available to the public within a year, with hopes of integrating it into routine health checkups. 'We’re giving people the power to take control of their health,' Dr. Kim added.","California startup NeuroSense created a wearable device that detects early Alzheimer’s signs by analyzing speech patterns with AI. Tested on 1,000 patients, the device has a 90% accuracy rate and could transform Alzheimer’s diagnosis and treatment. The company plans to release it publicly within a year, potentially integrating it into regular health screenings."
"Researchers at Google DeepMind have developed a new machine learning model called 'AlphaCode 2,' which can write computer programs at a level comparable to human programmers. The model, trained on millions of lines of code from open-source repositories, uses advanced natural language processing (NLP) techniques to understand programming tasks and generate functional code. In a recent competition, AlphaCode 2 solved 65% of coding challenges, outperforming many professional developers. 'This is a significant leap forward in AI-assisted programming,' said Dr. Sarah Chen, lead researcher on the project. The team hopes AlphaCode 2 will help reduce the time and cost of software development, particularly for repetitive tasks. However, some experts warn about the potential for misuse, such as automating jobs or generating malicious code. 'We need to ensure this technology is used responsibly,' said Dr. Chen. Google plans to release a limited version of AlphaCode 2 for public use later this year.","Google DeepMind’s AlphaCode 2, a machine learning model, can write code at a human-level proficiency by leveraging NLP and training on millions of open-source programs. It solved 65% of coding challenges in a competition, showcasing its potential to streamline software development. While promising, concerns about job displacement and misuse highlight the need for responsible deployment."
"A team of data scientists at Stanford University has created a machine learning algorithm that can predict patient outcomes in intensive care units (ICUs) with 95% accuracy. The algorithm, named 'ICU-Predict,' analyzes electronic health records (EHRs) to identify patterns and risk factors for complications like sepsis or cardiac arrest. 'This could save countless lives by giving doctors a head start,' said Dr. Emily Zhang, the project lead. ICU-Predict has been tested in three hospitals, where it reduced mortality rates by 20%. The team is now working to integrate the algorithm into hospital systems, with plans for a nationwide rollout. 'This is the future of healthcare,' said Dr. Zhang. However, ethical concerns about data privacy and algorithmic bias remain, prompting calls for stricter regulations.","Stanford’s ICU-Predict algorithm uses machine learning to analyze EHRs and predict patient outcomes in ICUs with 95% accuracy, reducing mortality rates by 20% in trials. While the technology promises to revolutionize healthcare, concerns about data privacy and bias underscore the need for robust ethical guidelines and regulatory oversight."
"A startup in San Francisco has developed a data visualization tool called 'VizAI' that uses machine learning to transform complex datasets into interactive, easy-to-understand visuals. The tool, designed for non-technical users, can automatically identify trends, outliers, and correlations in data. 'Our goal is to democratize data science,' said CEO Alex Rivera. VizAI has already been adopted by several Fortune 500 companies, helping teams make data-driven decisions faster. 'It’s like having a data scientist in your pocket,' said one user. The startup plans to expand its features, including real-time data integration and predictive analytics. 'We’re just scratching the surface of what’s possible,' Rivera added.","San Francisco startup VizAI uses machine learning to create interactive data visualizations, making complex datasets accessible to non-technical users. Adopted by Fortune 500 companies, the tool helps teams identify trends and make faster decisions. With plans to add real-time and predictive features, VizAI aims to democratize data science and empower more users."
"MIT researchers have unveiled a new neural network architecture called 'NeuroTree,' which mimics the decision-making process of the human brain. Unlike traditional neural networks, NeuroTree uses a hierarchical structure to process information, making it more efficient and interpretable. 'This could revolutionize how we design AI systems,' said Dr. Raj Patel, the lead researcher. In tests, NeuroTree outperformed existing models in tasks like image recognition and natural language understanding while using 50% less computational power. The team is now exploring applications in robotics and autonomous vehicles. 'We’re moving closer to AI that thinks like humans,' Dr. Patel added.","MIT’s NeuroTree neural network mimics the human brain’s decision-making process, offering greater efficiency and interpretability than traditional models. It outperformed existing systems in image recognition and NLP tasks while using half the computational power. With potential applications in robotics and autonomous vehicles, NeuroTree represents a significant step toward more human-like AI."
"A team of computer scientists at Carnegie Mellon University has developed a new encryption method called 'QuantumShield' that is resistant to attacks from quantum computers. QuantumShield uses lattice-based cryptography, a mathematical approach that is believed to be unbreakable even by quantum algorithms. 'This is a critical step in securing our digital future,' said Dr. Lisa Wong, the project lead. The method has been tested in simulations and is now being integrated into cybersecurity systems for government and financial institutions. 'Quantum computing poses a real threat to current encryption standards,' Dr. Wong added. 'QuantumShield is our best defense.'","Carnegie Mellon’s QuantumShield encryption method uses lattice-based cryptography to resist quantum computer attacks, offering a robust solution for future cybersecurity needs. Already being adopted by government and financial institutions, QuantumShield addresses the vulnerabilities posed by quantum computing, ensuring data remains secure in the post-quantum era."
"A group of data scientists at Harvard has created a machine learning model that can predict the spread of infectious diseases with 90% accuracy. The model, named 'EpiPredict,' analyzes data from social media, weather patterns, and healthcare systems to forecast outbreaks. 'This could be a game-changer for public health,' said Dr. Michael Lee, the lead researcher. EpiPredict was used to predict COVID-19 hotspots during the pandemic, helping governments allocate resources more effectively. The team is now working to expand the model’s capabilities to include other diseases like malaria and dengue. 'We’re giving policymakers the tools they need to save lives,' Dr. Lee added.","Harvard’s EpiPredict model uses machine learning to forecast infectious disease outbreaks with 90% accuracy by analyzing social media, weather, and healthcare data. Successfully deployed during the COVID-19 pandemic, it helped governments allocate resources efficiently. With plans to expand to other diseases, EpiPredict is poised to become a vital tool for global public health."
"A startup in Berlin has developed an AI-powered platform called 'CodeSage' that automatically detects and fixes bugs in software code. The platform uses deep learning to analyze codebases and identify errors, offering suggestions for fixes in real-time. 'This is like having a coding mentor on your team,' said CEO Julia Schmidt. CodeSage has been tested on over 100 open-source projects, reducing bug resolution time by 40%. The startup plans to integrate the platform with popular development tools like GitHub and Visual Studio. 'We’re making software development faster and more reliable,' Schmidt added.","Berlin startup CodeSage uses deep learning to detect and fix software bugs in real-time, reducing resolution time by 40% in tests. Designed to integrate with tools like GitHub and Visual Studio, the platform aims to streamline software development and improve code reliability, acting as a virtual coding mentor for developers."
"Researchers at the University of Toronto have developed a machine learning algorithm that can generate realistic 3D models of cities from satellite images. The algorithm, called 'CityGAN,' uses generative adversarial networks (GANs) to create detailed urban landscapes, including buildings, roads, and vegetation. 'This could revolutionize urban planning and disaster response,' said Dr. Ahmed Khan, the lead researcher. CityGAN has been used to simulate flood scenarios and plan evacuation routes in vulnerable areas. The team is now working to improve the algorithm’s accuracy and expand its applications to virtual reality and gaming. 'The possibilities are endless,' Dr. Khan added.","University of Toronto’s CityGAN algorithm uses GANs to generate realistic 3D city models from satellite images, aiding urban planning and disaster response. Already used for flood simulations and evacuation planning, the technology has potential applications in virtual reality and gaming, offering a versatile tool for visualizing urban environments."
"A team of AI researchers at OpenAI has developed a new language model called 'GPT-5,' which can understand and generate text with unprecedented accuracy and coherence. GPT-5, trained on a dataset of over 1 trillion words, can perform tasks like translation, summarization, and creative writing with human-like fluency. 'This is a major milestone in natural language processing,' said Dr. Emily Carter, the project lead. However, concerns about misuse, such as generating fake news or deepfake text, have prompted OpenAI to implement strict usage guidelines. 'We’re committed to ensuring this technology benefits society,' Dr. Carter added.","OpenAI’s GPT-5 language model, trained on 1 trillion words, achieves human-like fluency in tasks like translation and creative writing. While representing a breakthrough in NLP, concerns about misuse for fake news or deepfake text have led to strict usage guidelines, emphasizing the need for responsible deployment of advanced AI technologies."
"A group of computer scientists at UC Berkeley has created a machine learning system that can optimize energy usage in data centers, reducing costs and carbon emissions by up to 30%. The system, called 'EcoCompute,' uses reinforcement learning to dynamically adjust cooling and power distribution based on real-time data. 'This is a win-win for businesses and the environment,' said Dr. Rajesh Kumar, the lead researcher. EcoCompute has been tested in several large data centers, with plans for a commercial rollout next year. 'We’re making data centers more sustainable,' Dr. Kumar added.","UC Berkeley’s EcoCompute system uses reinforcement learning to optimize energy usage in data centers, cutting costs and carbon emissions by 30%. Tested in large facilities, the technology offers a sustainable solution for the growing energy demands of data centers, with a commercial launch planned for next year."
"A team of researchers at Microsoft has developed a new AI-powered tool called 'CodeGenius' that assists developers in writing more efficient and secure code. The tool uses machine learning to analyze code patterns and suggest optimizations, reducing the likelihood of bugs and vulnerabilities. 'This is like having a senior developer looking over your shoulder,' said lead engineer Dr. Priya Sharma. CodeGenius has been integrated into Visual Studio and is already being used by over 10,000 developers worldwide. Early adopters report a 25% reduction in debugging time and a 15% increase in code performance. 'We’re making coding faster, safer, and more accessible,' Dr. Sharma added. The team is now working on adding support for more programming languages and frameworks.","Microsoft’s CodeGenius uses AI to help developers write efficient and secure code by analyzing patterns and suggesting optimizations. Integrated into Visual Studio, the tool has reduced debugging time by 25% and improved code performance by 15% for early users. With plans to expand language support, CodeGenius aims to make coding more accessible and efficient for developers worldwide."
"Researchers at the University of Cambridge have created a machine learning model that can predict software vulnerabilities with 90% accuracy. The model, named 'VulnPredict,' analyzes historical data from software repositories to identify patterns that lead to security flaws. 'This could revolutionize how we approach cybersecurity,' said Dr. James Carter, the project lead. VulnPredict has been tested on open-source projects like Apache and Linux, where it successfully identified vulnerabilities months before they were discovered by human analysts. The team is now collaborating with major tech companies to integrate VulnPredict into their development pipelines. 'We’re shifting from reactive to proactive security,' Dr. Carter added.","Cambridge’s VulnPredict uses machine learning to predict software vulnerabilities with 90% accuracy by analyzing historical data from repositories. Tested on projects like Apache and Linux, the model identified flaws months before human analysts. With partnerships forming with tech companies, VulnPredict is set to transform cybersecurity by enabling proactive vulnerability detection."
"A startup in New York has developed an AI-driven platform called 'DataForge' that automates data cleaning and preprocessing for data scientists. The platform uses natural language processing (NLP) to understand user requirements and applies machine learning algorithms to clean, normalize, and transform datasets. 'This saves hours of manual work,' said CEO Maria Lopez. DataForge has been adopted by several Fortune 500 companies, reducing data preparation time by up to 70%. 'We’re empowering data scientists to focus on insights, not grunt work,' Lopez added. The startup plans to add features like automated feature engineering and real-time data integration in the next release.","New York startup DataForge automates data cleaning and preprocessing using AI and NLP, saving data scientists up to 70% of their preparation time. Already used by Fortune 500 companies, the platform allows professionals to focus on insights rather than manual tasks. With plans to add advanced features, DataForge is poised to become an essential tool for data-driven organizations."
"A team of computer scientists at Stanford has developed a machine learning algorithm that can detect deepfake videos with 98% accuracy. The algorithm, named 'DeepGuard,' analyzes subtle inconsistencies in lighting, shadows, and facial movements to identify manipulated content. 'This is a critical tool in the fight against misinformation,' said Dr. Emily Zhang, the lead researcher. DeepGuard has been tested on thousands of videos, including those used in political campaigns and social media. The team is now working with social media platforms to integrate the technology into their content moderation systems. 'We’re giving users the tools to distinguish fact from fiction,' Dr. Zhang added.","Stanford’s DeepGuard algorithm detects deepfake videos with 98% accuracy by analyzing lighting, shadows, and facial movements. Tested on thousands of videos, the technology is being integrated into social media platforms to combat misinformation. DeepGuard represents a significant step forward in ensuring the authenticity of digital content in an era of increasingly sophisticated manipulation."
"A group of data scientists at MIT has created a machine learning model that can optimize supply chain operations, reducing costs and delivery times by up to 20%. The model, called 'SupplyAI,' uses reinforcement learning to dynamically adjust inventory levels, shipping routes, and production schedules based on real-time data. 'This is a game-changer for logistics,' said Dr. Raj Patel, the project lead. SupplyAI has been tested in retail and manufacturing sectors, where it improved efficiency and reduced waste. The team is now working on scaling the model for global supply chains. 'We’re making supply chains smarter and more resilient,' Dr. Patel added.","MIT’s SupplyAI uses reinforcement learning to optimize supply chain operations, cutting costs and delivery times by 20%. Tested in retail and manufacturing, the model improves efficiency and reduces waste. With plans to scale globally, SupplyAI is set to revolutionize logistics by making supply chains more adaptive and resilient."
"Researchers at the University of California, Berkeley, have developed an AI system that can generate personalized learning plans for students based on their strengths and weaknesses. The system, named 'EduMind,' uses machine learning to analyze student performance data and recommend tailored study materials and exercises. 'This is the future of education,' said Dr. Lisa Wong, the lead researcher. EduMind has been tested in several schools, where it improved test scores by an average of 15%. The team is now working to expand the system’s capabilities to include virtual tutoring and real-time feedback. 'We’re making learning more effective and engaging,' Dr. Wong added.","UC Berkeley’s EduMind uses AI to create personalized learning plans for students by analyzing performance data and recommending tailored resources. Tested in schools, the system improved test scores by 15% on average. With plans to add virtual tutoring and real-time feedback, EduMind is transforming education by making it more adaptive and student-centric."
"A startup in London has developed an AI-powered tool called 'Artificio' that can generate realistic 3D models for video games and virtual reality environments. The tool uses generative adversarial networks (GANs) to create detailed textures, lighting, and animations based on simple user inputs. 'This is like having a team of artists at your fingertips,' said CEO Alex Rivera. Artificio has been adopted by several game studios, reducing production time by up to 50%. The startup plans to expand into industries like architecture and film. 'We’re democratizing 3D content creation,' Rivera added.","London startup Artificio uses GANs to generate realistic 3D models for games and VR environments, cutting production time by 50%. Already used by game studios, the tool is expanding into architecture and film, making high-quality 3D content creation accessible to a wider audience and transforming creative industries."
"A team of researchers at Carnegie Mellon University has developed a machine learning model that can predict traffic congestion with 95% accuracy. The model, named 'TrafficAI,' analyzes data from GPS devices, traffic cameras, and weather reports to forecast congestion up to an hour in advance. 'This could revolutionize urban mobility,' said Dr. Michael Lee, the project lead. TrafficAI has been tested in several cities, where it helped reduce travel times by 20%. The team is now working with city planners to integrate the model into smart traffic systems. 'We’re making cities smarter and more livable,' Dr. Lee added.","Carnegie Mellon’s TrafficAI predicts traffic congestion with 95% accuracy by analyzing GPS, camera, and weather data. Tested in multiple cities, the model reduced travel times by 20%. With plans to integrate into smart traffic systems, TrafficAI is set to improve urban mobility and make cities more efficient."
"A group of computer scientists at the University of Washington has developed an AI system that can translate sign language into spoken language in real-time. The system, called 'SignTranslate,' uses computer vision and natural language processing to interpret hand gestures and facial expressions. 'This is a breakthrough for accessibility,' said Dr. Emily Chen, the lead researcher. SignTranslate has been tested with deaf communities, where it improved communication with hearing individuals by 80%. The team is now working to expand the system’s vocabulary and improve its accuracy. 'We’re bridging the communication gap,' Dr. Chen added.","University of Washington’s SignTranslate uses AI to convert sign language into spoken language in real-time, improving communication between deaf and hearing individuals by 80%. With plans to expand its vocabulary and accuracy, the system represents a significant advancement in accessibility and inclusivity."
"Researchers at the University of Toronto have developed a machine learning model that can predict the success of startup companies with 85% accuracy. The model, named 'StartupPredict,' analyzes data from pitch decks, financial statements, and market trends to identify factors that contribute to success. 'This could transform venture capital,' said Dr. Rajesh Kumar, the lead researcher. StartupPredict has been tested on over 1,000 startups, where it outperformed traditional methods of evaluation. The team is now working with venture capital firms to integrate the model into their decision-making processes. 'We’re making investing smarter and more data-driven,' Dr. Kumar added.","University of Toronto’s StartupPredict uses machine learning to forecast startup success with 85% accuracy by analyzing pitch decks, financial data, and market trends. Tested on 1,000 startups, the model outperformed traditional evaluation methods. With adoption by venture capital firms, StartupPredict is revolutionizing investment strategies by making them more data-driven and precise."
